Title,Date
Big Fish,3/28/22
Monsters vs. Aliens,3/19/22
Brand New Cherry Flavor: Limited Series: Tadpole Smoothie,3/10/22
Brand New Cherry Flavor: Limited Series: I Exist,3/10/22
Starship Troopers,3/9/22
I Think You Should Leave with Tim Robinson: Season 2: I need a wet paper towel.,3/7/22
I Think You Should Leave with Tim Robinson: Season 2: Didn't you say there was gonna be five people at this table?,3/7/22
I Think You Should Leave with Tim Robinson: Season 1: We Used to Watch This At My Old Work,3/6/22
"You vs. Wild: Season 1: Operation Jungle Rescue, Pt. 2",2/26/22
"You vs. Wild: Season 1: Operation Jungle Rescue, Pt. 1",2/26/22
Murderville: Season 1: The Cold Case,2/25/22
Murderville: Season 1: Triplet Homicide,2/25/22
Murderville: Season 1: The Magician’s Assistant,2/25/22
The Great British Baking Show: Collection 6: Cake Week,2/6/22
The Great British Baking Show: Collection 6: Biscuits Week,2/6/22
The Great British Baking Show: Collection 9: The Final,1/30/22
The Great British Baking Show: Collection 9: Patisserie Week,1/30/22
Total Recall,1/25/22
The Great British Baking Show: Collection 7: Cake Week,1/24/22
The Great British Baking Show: Collection 9: Free From Week,1/23/22
The Great British Baking Show: Collection 9: Caramel Week,1/20/22
The Great British Baking Show: Collection 9: Pastry Week,1/20/22
The Great British Baking Show: Collection 9: German Week,1/16/22
The Great British Baking Show: Collection 9: Dessert Week,1/16/22
New Girl: Season 4: Spiderhunt,1/12/22
New Girl: Season 2: Chicago,1/12/22
Someone Great,1/4/22
The Guns of Navarone,1/3/22
Don't Look Up,12/27/21
Stripes,12/22/21
Klaus,12/19/21
The Great British Baking Show: Collection 9: Bread Week,12/19/21
Documentary Now!: Season 2: Episode 5,12/19/21
Total Recall,12/19/21
Netflix Presents: The Characters: Season 1: Lauren Lapkus,12/15/21
Léon: The Professional,12/7/21
"Disenchantment: Part 1: A Princess, an Elf, and a Demon Walk Into a Bar",12/7/21
New Girl: Season 2: Quick Hardening Caulk,12/5/21
Monty Python's Life of Brian,11/13/21
 ,11/10/21
I Think You Should Leave with Tim Robinson: Season 2: Everyone just needs to be more in the moment.,10/31/21
Pineapple Express,10/24/21
The Mitchells vs. The Machines,10/14/21
America: The Motion Picture,8/24/21
Polar,8/2/21
Rango,8/1/21
The Sum of All Fears,7/28/21
Outside the Wire,7/15/21
Air Force One,7/13/21
Austin Powers: International Man of Mystery,7/9/21
I Think You Should Leave with Tim Robinson: Season 2: You sure about that? You sure about that that's why?,7/7/21
I Think You Should Leave with Tim Robinson: Season 2: They have a cake shop there Susan where the cakes just look stunning.,7/6/21
I Think You Should Leave with Tim Robinson: Season 2: They said that to me at a dinner.,7/6/21
Black Mirror: Season 5: Striking Vipers,6/28/21
"Love, Death & Robots: Volume 2: Automated Customer Service",6/28/21
S.W.A.T.,6/23/21
The Death of Stalin,6/19/21
I Think You Should Leave with Tim Robinson: Season 1: Thanks For Thinking They Are Cool,6/5/21
I Think You Should Leave with Tim Robinson: Season 1: Has This Ever Happened To You?,6/5/21
2012,5/30/21
Documentary Now!: Season 3: Searching for Mr. Larson: A Love Letter from the Far Side,5/26/21
Documentary Now!: Season 3: Waiting for the Artist,5/26/21
Documentary Now!: Season 3: Original Cast Album: Co-Op,5/15/21
Documentary Now!: Season 3: Batsh*t Valley: Part 2,5/15/21
Documentary Now!: Season 3: Batsh*t Valley: Part 1,5/15/21
Green Zone,5/12/21
Mad Max,5/4/21
Rush,4/21/21
Quantum of Solace,4/11/21
Casino Royale,4/8/21
Criminal Minds: Season 1: Compulsion,4/5/21
Formula 1: Drive to Survive: Season 3: Down to the Wire,3/29/21
Formula 1: Drive to Survive: Season 3: Man On Fire,3/29/21
Formula 1: Drive to Survive: Season 3: No Regrets,3/29/21
Formula 1: Drive to Survive: Season 3: Guenther's Choice,3/27/21
Formula 1: Drive to Survive: Season 3: The Comeback Kid,3/27/21
Formula 1: Drive to Survive: Season 3: The End of the Affair,3/27/21
Formula 1: Drive to Survive: Season 3: We Need to Talk About Ferrari,3/27/21
Formula 1: Drive to Survive: Season 3: Nobody's Fool,3/27/21
Ava,3/23/21
Last Chance U: Basketball: Season 1: Jenny,3/20/21
Last Chance U: Basketball: Season 1: Hooper,3/20/21
Last Chance U: Basketball: Season 1: The Window,3/20/21
Formula 1: Drive to Survive: Season 3: Back On Track,3/19/21
Formula 1: Drive to Survive: Season 3: Cash Is King,3/19/21
Parker,3/5/21
Operation Finale,3/5/21
"What's New, Scooby-Doo?: What's New Scooby-Doo?: Season 3: Fright House of a Lighthouse",3/2/21
"Victorious: Season 3: Car, Rain & Fire",2/24/21
Victorious: Season 2: Prom Wrecker,2/15/21
Community: Season 6: Basic RV Repair & Palmistry,1/30/21
Community: Season 6: Grifting 101,1/30/21
Community: Season 6: Intro To Recycled Cinema,1/30/21
Community: Season 6: Advanced Safety Feature,1/30/21
The Naked Gun: From the Files of Police Squad!,1/30/21
The Take,12/31/20
Bridgerton: Season 1: Diamond of the First Water,12/30/20
Monty Python's Personal Best: Season 1: Monty Python's Flying Circus: John Cleese's Personal Best,11/13/20
Monty Python's Flying Circus: Series 1: Sex & Violence,11/13/20
Monty Python's Flying Circus: Series 1: Whither Canada,11/13/20
Mile 22,11/12/20
Chappelle's Show: Season 1: PopCopy & Clayton Bigsby,11/10/20
Jeopardy!: Champion Run IV: Josh Hill: Game 5,10/9/20
Jeopardy!: Champion Run IV: Josh Hill: Game 4,10/9/20
Jeopardy!: Champion Run IV: Josh Hill: Game 3,10/9/20
Jeopardy!: Champion Run IV: Josh Hill: Game 2,10/9/20
Jeopardy!: Champion Run IV: Josh Hill: Game 1,10/9/20
Jeopardy!: Producer's Pick: Game 5,10/9/20
The Midnight Gospel: Season 1: Turtles of the Eclipse,10/9/20
The Midnight Gospel: Season 1: Annihilation of Joy,10/8/20
The Midnight Gospel: Season 1: Blinded By My End,10/8/20
MINDHUNTER: Season 1: Episode 4,10/8/20
MINDHUNTER: Season 1: Episode 3,10/8/20
MINDHUNTER: Season 1: Episode 2,10/8/20
MINDHUNTER: Season 1: Episode 1,10/8/20
Netflix Presents: The Characters: Season 1: Dr. Brown,9/7/20
Netflix Presents: The Characters: Season 1: Tim Robinson,9/7/20
I Think You Should Leave with Tim Robinson: Season 1: I'm Wearing One of Their Belts Right Now,9/6/20
"I Think You Should Leave with Tim Robinson: Season 1: Oh Crap, A Bunch More Bad Stuff Just Happened",9/6/20
I Think You Should Leave with Tim Robinson: Season 1: It's the Cigars You Smoke That Are Gonna Give You Cancer,9/6/20
The Office (U.S.): Season 4: Night Out,9/6/20
The Office (U.S.): Season 4: The Chair Model,9/6/20
The Office (U.S.): Season 4: Dinner Party,9/6/20
The Office (U.S.): Season 4: The Deposition,9/6/20
The Office (U.S.): Season 1: Pilot,9/6/20
Black Sea,8/19/20
6 Underground,8/17/20
The King,8/14/20
The Dawn Wall,7/29/20
A Bridge Too Far,7/21/20
The Old Guard,7/21/20
The Art of War,7/15/20
Angel Has Fallen,7/15/20
Battle: Los Angeles,6/11/20
Act of Valor,6/11/20
Community: Season 2: Mixology Certification,6/9/20
Community: Season 2: Conspiracy Theories and Interior Design,6/9/20
Community: Season 2: Cooperative Calligraphy,6/9/20
Community: Season 2: Aerodynamics of Gender,6/9/20
Community: Season 2: Epidemiology,6/9/20
Community: Season 2: Messianic Myths and Ancient Peoples,6/9/20
Community: Season 2: Basic Rocket Science,6/9/20
Community: Season 2: The Psychology of Letting Go,6/9/20
Community: Season 2: Accounting for Lawyers,6/9/20
Community: Season 2: Anthropology 101,6/9/20
Community: Season 1: Pascal's Triangle Revisited,6/8/20
Community: Season 1: English as a Second Language,6/8/20
Community: Season 1: Modern Warfare,6/8/20
Community: Season 1: The Art of Discourse,6/8/20
Community: Season 1: Contemporary American Poultry,6/8/20
Community: Season 1: The Science of Illusion,6/8/20
Community: Season 1: Beginner Pottery,6/8/20
Community: Season 1: Basic Genealogy,6/8/20
Community: Season 1: Physical Education,6/8/20
Cloudy with a Chance of Meatballs,6/7/20
Documentary Now!: Season 2: Episode 4,6/7/20
Documentary Now!: Season 2: Episode 3,6/3/20
Documentary Now!: Season 2: Episode 2,6/3/20
Documentary Now!: Season 2: Episode 1,6/3/20
Documentary Now!: Season 1: Gentle and Soft: The Story of the Blue Jean Committee: Part 2,6/3/20
Documentary Now!: Season 1: Gentle and Soft: The Story of the Blue Jean Committee: Part 1,6/3/20
"Documentary Now!: Season 1: A Town, A Gangster, A Festival",6/3/20
Documentary Now!: Season 1: The Eye Doesn't Lie,6/3/20
Documentary Now!: Season 1: Kunuk Uncovered,6/3/20
Documentary Now!: Season 1: DRONEZ: The Hunt for El Chingon,6/2/20
Sherlock: Series 1: A Study in Pink,6/2/20
Minority Report,6/2/20
Community: Season 1: Communication Studies,5/27/20
Community: Season 1: Romantic Expressionism,5/27/20
Community: Season 1: Interpretive Dance,5/27/20
Community: Season 1: Investigative Journalism,5/26/20
Community: Season 1: Comparative Religion,5/26/20
Community: Season 1: The Politics of Human Sexuality,5/26/20
Community: Season 1: Environmental Science,5/26/20
Community: Season 1: Debate 109,5/26/20
Community: Season 1: Home Economics,5/26/20
Community: Season 1: Introduction to Statistics,5/26/20
"Community: Season 1: Football, Feminism and You",5/26/20
Community: Season 1: Advanced Criminal Law,5/26/20
Community: Season 1: Social Psychology,5/26/20
Community: Season 1: Introduction to Film,5/26/20
Community: Season 1: Spanish 101,5/26/20
Community: Season 1: Community,5/26/20
The Spy: Limited Series: The Immigrant,5/26/20
Extraction,5/16/20
The Ballad of Buster Scruggs,5/15/20
Snowpiercer,4/23/20
Longmire: Season 1: The Dark Road,4/21/20
Longmire: Season 1: Pilot,4/21/20
Triple Frontier,4/20/20
Code 8,4/20/20
The Do-Over,4/14/20
Speed Is My Need,4/12/20
The Foreigner,4/11/20
The Shawshank Redemption,4/11/20
Patriot Games,4/11/20
Sherlock Holmes,4/10/20
Bodyguard: Season 1: Episode 3,4/10/20
Lethal Weapon 3,4/10/20
Bad Boys,4/10/20
Lethal Weapon 2,4/10/20
Lethal Weapon,4/9/20
Last Chance U: INDY: Part 2: Garden City,4/9/20
Last Chance U: INDY: Part 2: Home on the Range,4/9/20
Last Chance U: INDY: Part 2: The Eye in the Sky,4/9/20
Last Chance U: INDY: Part 2: Dream U,4/9/20
Bodyguard: Season 1: Episode 2,4/8/20
Spider-Man: Into the Spider-Verse,4/6/20
Bodyguard: Season 1: Episode 1,4/6/20
Tiger King: Dethroned,4/6/20
Tiger King: The Noble Thing to Do,4/5/20
Tiger King: Make America Exotic Again,4/5/20
Tiger King: Playing with Fire,4/5/20
Tiger King: The Secret,4/5/20
Tiger King: Cult of Personality,4/5/20
Tiger King: Not Your Average Joe,4/5/20
Drive,3/28/20
Jerry Maguire,3/21/20
"Tinker, Tailor, Soldier, Spy",3/21/20
Indiana Jones and the Last Crusade,3/19/20
Bert Kreischer: Hey Big Boy,3/19/20
Dirty Harry,3/18/20
The Invention of Lying,3/16/20
The Dirty Dozen,3/16/20
Blade Runner: The Final Cut,3/14/20
Spenser Confidential,3/14/20
Formula 1: Drive to Survive: Season 2: Checkered Flag,3/11/20
"Formula 1: Drive to Survive: Season 2: Blood, Sweat & Tears",3/11/20
Formula 1: Drive to Survive: Season 2: Musical Chairs,3/11/20
Pete Davidson: Alive From New York,3/10/20
Formula 1: Drive to Survive: Season 2: Seeing Red,3/8/20
Formula 1: Drive to Survive: Season 2: Raging Bulls,3/8/20
Formula 1: Drive to Survive: Season 2: Great Expectations,3/8/20
Formula 1: Drive to Survive: Season 2: Dark Days,3/8/20
Formula 1: Drive to Survive: Season 2: Dogfight,3/3/20
Formula 1: Drive to Survive: Season 2: Boiling Point,3/3/20
Formula 1: Drive to Survive: Season 2: Lights Out,3/2/20
Formula 1: Drive to Survive: Season 1: Crossing the Line,3/1/20
Formula 1: Drive to Survive: Season 1: Stars and Stripes,3/1/20
Formula 1: Drive to Survive: Season 1: The Next Generation,2/21/20
The Hateful Eight: Extended Version: Season 1: The Last Chapter,2/21/20
The Hateful Eight: Extended Version: Season 1: Domergue’s Got a Secret,2/21/20
The Hateful Eight: Extended Version: Season 1: Minnie’s Haberdashery ,2/21/20
The Hateful Eight: Extended Version: Season 1: Last Stage to Red Rock ,2/16/20
American Assassin,2/9/20
Indiana Jones and the Raiders of the Lost Ark,1/30/20
Narcos: Season 1: Descenso,1/23/20
Formula 1: Drive to Survive: Season 1: Keeping Your Head,1/22/20
The Witcher: Season 1: Much More,1/21/20
The Witcher: Season 1: Before a Fall,1/21/20
The Witcher: Season 1: Rare Species,1/21/20
The Witcher: Season 1: Bottled Appetites,1/21/20
"The Witcher: Season 1: Of Banquets, Bastards and Burials",1/21/20
The Witcher: Season 1: Betrayer Moon,1/20/20
The Witcher: Season 1: Four Marks,1/19/20
The Witcher: Season 1: The End’s Beginning,1/19/20
Solo: A Star Wars Story,1/11/20
Bill Burr: Paper Tiger,1/11/20
The Irishman,1/10/20
The Peacemaker,1/7/20
White Christmas,12/25/19
Inglourious Basterds,12/23/19
MI-5,12/13/19
The Gentleman Driver,12/11/19
The Highwaymen,8/27/19
The Man Who Knew Too Little,7/30/19
Batman Begins,7/28/19
Caddyshack,7/28/19
NOVA: Building Chernobyl's MegaTomb,7/28/19
Movie 43,6/29/19
Jailbirds: Season 1: Dressed into Oranges,6/29/19
Documentary Now!: Season 1: Sandy Passage,6/19/19
My Next Guest Needs No Introduction With David Letterman: Season 2: Lewis Hamilton,6/9/19
Indiana Jones and the Temple of Doom,5/24/19
Formula 1: Drive to Survive: Season 1: All or Nothing,4/10/19
Formula 1: Drive to Survive: Season 1: Trouble at the Top,4/9/19
Parks and Recreation: Season 1: Boys' Club,3/24/19
Dr. No,3/24/19
Apollo 13,3/23/19
Thunderball,3/23/19
From Russia with Love,3/13/19
Goldfinger,3/10/19
Formula 1: Drive to Survive: Season 1: The Art of War,3/10/19
Formula 1: Drive to Survive: Season 1: Redemption,3/10/19
Formula 1: Drive to Survive: Season 1: The King of Spain,3/10/19
Formula 1: Drive to Survive: Season 1: All to Play For,3/10/19
Bert Kreischer: Secret Time,2/27/19
"Ken Jeong: You Complete Me, Ho",2/17/19
Springsteen on Broadway,2/10/19
Pulp Fiction,2/3/19
Ant-Man and the Wasp,2/3/19
The Incredibles 2,1/31/19
Hellboy,1/25/19
The Twilight Zone (Original Series): Season 1: Walking Distance,1/20/19
The Twilight Zone (Original Series): Season 1: The Sixteen Millimeter Shrine,1/20/19
Castlevania: Season 2: End Times,1/20/19
Castlevania: Season 2: For Love,1/19/19
Castlevania: Season 2: The River,1/19/19
Castlevania: Season 2: Last Spell,1/19/19
The Twilight Zone (Original Series): Season 1: Mr. Denton on Doomsday,1/19/19
The Twilight Zone (Original Series): Season 1: One for the Angels,1/19/19
The Twilight Zone (Original Series): Season 1: Where Is Everybody?,1/19/19
Close,1/19/19
The Bourne Ultimatum,1/19/19
Castlevania: Season 2: Broken Mast,1/19/19
Castlevania: Season 2: Shadow Battles,1/18/19
Castlevania: Season 2: Old Homes,1/18/19
Castlevania: Season 2: War Council,1/18/19
Law Abiding Citizen,1/18/19
Star Wars: Episode VIII: The Last Jedi,1/18/19
The Addams Family,1/14/19
Castlevania: Season 1: Monument,1/11/19
Castlevania: Season 1: Labyrinth,1/11/19
Castlevania: Season 1: Necropolis,1/11/19
Castlevania: Season 1: Witchbottle,1/11/19
National Treasure,1/7/19
Monty Python and the Holy Grail,1/6/19
The Art of the Steal,1/3/19
Parks and Recreation: Season 1: The Reporter,1/3/19
Parks and Recreation: Season 1: Canvassing,1/3/19
Avengers: Infinity War,1/3/19
Law & Order: Special Victims Unit: The Fifteenth Year: Imprisoned Lives,12/27/18
Law & Order: Special Victims Unit: The Fifteenth Year: Surrender Benson,12/26/18
Parks and Recreation: Season 1: Pilot,12/11/18
The Hunt: Season 1: Hide and Seek,12/10/18
The Hunt: Season 1: In the Grip of the Seasons,12/10/18
The Hunt: Season 1: The Hardest Challenge,12/10/18
Pearl Harbor,12/6/18
The Hateful Eight,12/4/18
Parks and Recreation: Season 5: Emergency Response,12/3/18
Parks and Recreation: Season 5: Ann's Decision,12/3/18
Good Will Hunting,11/20/18
Killer Elite,11/18/18
Miracle,11/15/18
Thor: Ragnarok,11/8/18
Guardians of the Galaxy Vol. 2,11/8/18
Knightfall: Season 1: You'd Know What to Do,11/7/18
Bodyguard: Season 1: Episode 6,11/4/18
Bodyguard: Season 1: Episode 5,11/4/18
Bodyguard: Season 1: Episode 4,11/4/18
Heat,11/2/18
Tarzan,11/1/18
The Dead Pool,10/29/18
6 Days,10/23/18
Paradise PD: Part 1: Meet the Jabowskis,10/22/18
Assassins,10/21/18
Blazing Saddles,10/19/18
Cold Mountain,10/18/18
Free State of Jones,10/18/18
Paradise PD: Part 1: Dungeons & Dragnet,10/16/18
Paradise PD: Part 1: Karla,10/16/18
War Machine,10/16/18
Schindler's List,10/16/18
Monty Python Best Bits (mostly): Season 1: Episode 1,10/14/18
Nitro Circus: The Movie,10/4/18
Lilo & Stitch,9/27/18
Pirates of the Caribbean: Dead Men Tell No Tales,9/27/18
Meet the Robinsons,9/13/18
Paradise PD: Part 1: Black & Blue,9/13/18
Paradise PD: Part 1: Ass on the Line,9/13/18
Paradise PD: Part 1: Welcome to Paradise,9/13/18
The Office (U.S.): Season 9: Finale,9/13/18
The Office (U.S.): Season 9: A.A.R.M,9/12/18
The Office (U.S.): Season 9: The Farm,9/12/18
The Office (U.S.): Season 9: Moving On,9/12/18
The Office (U.S.): Season 9: Couple's Discount,9/12/18
The Office (U.S.): Season 9: Vandalism,9/12/18
The Office (U.S.): Season 9: Junior Salesman,9/12/18
The Office (U.S.): Season 9: Customer Loyalty,9/12/18
The Office (U.S.): Season 9: Suit Warehouse,9/12/18
The Office (U.S.): Season 9: Lice,9/12/18
The Office (U.S.): Season 9: Dwight Christmas,9/11/18
The Office (U.S.): Season 9: The Target,9/11/18
The Office (U.S.): Season 9: The Whale,9/11/18
The Office (U.S.): Season 9: The Boat,9/11/18
The Office (U.S.): Season 9: Here Comes Treble,9/11/18
The Office (U.S.): Season 9: Work Bus,9/11/18
The Office (U.S.): Season 9: Andy's Ancestry,9/11/18
The Office (U.S.): Season 9: Roy's Wedding,9/11/18
The Office (U.S.): Season 9: New Guys,9/11/18
The Office (U.S.): Season 7: Nepotism,9/11/18
The Truman Show,9/9/18
Tom Segura: Disgraceful,9/6/18
Cars 3,9/2/18
Hercules,9/1/18
John Mulaney: Kid Gorgeous at Radio City,8/28/18
John Mulaney: The Comeback Kid,8/21/18
The Boondock Saints,8/20/18
The Waterboy,8/14/18
John Mulaney: New in Town,8/12/18
In Bruges,7/26/18
Blue Bloods: Season 8: My Aim Is True,7/25/18
Blue Bloods: Season 8: The Devil You Know,7/25/18
Blue Bloods: Season 8: Your Six,7/25/18
Blue Bloods: Season 8: Risk Management,7/25/18
"Blue Bloods: Season 8: Friendship, Love and Loyalty",7/25/18
Blue Bloods: Season 8: Close Calls,7/24/18
Blue Bloods: Season 8: Tale of Two Cities,7/24/18
Blue Bloods: Season 8: Legacy,7/24/18
Blue Bloods: Season 8: School of Hard Knocks,7/24/18
Blue Bloods: Season 8: Erasing History,7/23/18
Blue Bloods: Season 8: The Brave,7/23/18
Blue Bloods: Season 8: Second Chances,7/23/18
Blue Bloods: Season 8: Heavy Is the Head,7/23/18
Blue Bloods: Season 8: Pain Killers,7/22/18
Blue Bloods: Season 8: Pick Your Poison,7/22/18
Blue Bloods: Season 8: Common Ground,7/22/18
Blue Bloods: Season 8: Brushed Off,7/22/18
Blue Bloods: Season 8: The Forgotten,7/20/18
Blue Bloods: Season 8: Out of the Blue,7/19/18
Blue Bloods: Season 8: The Enemy of My Enemy,7/19/18
Blue Bloods: Season 8: Ghosts of the Past,7/19/18
Blue Bloods: Season 8: Cutting Losses,7/19/18
The Imitation Game,6/11/18
The Departed,6/11/18
Chasing Coral,5/29/18
 ,5/22/18
Shrek,5/12/18
Ocean's Twelve,4/16/18
The Office (U.S.): Season 4: Money,4/13/18
Body of Lies,4/9/18
Bo Burnham: Make Happy,4/9/18
 ,4/9/18
Doctor Strange,4/5/18
Top Gear: Series 19: Episode 5,2/8/18
Dave Chappelle: Equanimity & The Bird Revelation: Collection: Dave Chappelle: Equanimity,2/6/18
Ocean's Thirteen,2/3/18
Top Gear: Series 19: Episode 3,1/25/18
Top Gear: Series 22: Patagonia Special: Part 1,1/24/18
Trouble with the Curve,12/31/17
Who Framed Roger Rabbit,12/29/17
Top Gear: Series 19: Episode 2,12/7/17
Captain America: Civil War,12/2/17
Roadkill: Season 1: Surviving HOT ROD Drag Week!,12/2/17
The Longest Day,12/2/17
Top Gear: Series 20: Episode 2,12/2/17
Marvel's The Punisher: Season 1: Cold Steel,11/30/17
Marvel's The Punisher: Season 1: Crosshairs,11/27/17
Marvel's The Punisher: Season 1: The Judas Goat,11/27/17
Marvel's The Punisher: Season 1: Gunner,11/23/17
Marvel's The Punisher: Season 1: Resupply,11/23/17
Marvel's The Punisher: Season 1: Kandahar,11/23/17
Marvel's The Punisher: Season 1: Two Dead Men,11/20/17
Marvel's The Punisher: Season 1: 3AM,11/17/17
Williams,11/15/17
Top Gear: Series 22: Episode 2,11/13/17
Patton Oswalt: Annihilation,11/11/17
Hawaii Five-0: Season 1: Pilot,11/1/17
Archer: Season 7: Deadly Velvet: Part II,10/27/17
Archer: Season 7: Deadly Velvet: Part I,10/27/17
Archer: Season 7: Liquid Lunch,10/26/17
Archer: Season 7: Double Indecency,10/25/17
Archer: Season 7: Bel Panto: Part II,10/24/17
Archer: Season 7: Bel Panto: Part I,10/24/17
Archer: Season 7: Motherless Child,10/23/17
Rogue One: A Star Wars Story,10/23/17
Bill Burr: Walk Your Way Out,10/22/17
Archer: Season 7: Deadly Prep,10/22/17
Archer: Season 7: The Handoff,10/22/17
Archer: Season 7: The Figgis Agency,10/22/17
Archer: Season 6: Drastic Voyage: Part II,10/22/17
Jaws,10/21/17
Archer: Season 6: Drastic Voyage: Part I,10/21/17
Archer: Season 6: Achub Y Morfilod,10/21/17
Archer: Season 6: Reignition Sequence,10/21/17
Archer: Season 6: Pocket Listing,10/21/17
Archer: Season 6: The Kanes,10/20/17
Archer: Season 6: Nellis,10/20/17
Archer: Season 6: Sitting,10/20/17
Archer: Season 6: Vision Quest,10/20/17
Archer: Season 6: Edie's Wedding,10/20/17
Archer: Season 6: The Archer Sanction,10/20/17
Archer: Season 6: Three to Tango,10/20/17
Archer: Season 6: The Holdout,10/17/17
Hot Fuzz,10/15/17
Ralphie May: Unruly,10/11/17
Young Frankenstein,9/6/17
Kevin Hart: What Now?,9/6/17
Roadkill: Season 1: 426 Hemi in a '55 Chevy!,8/29/17
Roadkill: Season 1: Release the Draguar! Building a Blown Jaguar Rat Rod,8/29/17
Wild Wild West,8/18/17
Head 2 Head: Season 1: 2016 Ford Mustang Shelby GT350R vs. 2015 Chevrolet Camaro Z/28,8/18/17
Jackass: Number Two,8/18/17
Jimmy Carr: Funny Business,8/17/17
Roadkill: Season 1: Thrash Battle! Van vs Wagon,8/8/17
Roadkill: Season 1: Rat Rod vs Lamborghini Aventador!,8/7/17
White Rabbit Project: Season 1: Super Power Tech,8/4/17
Jackass: The Movie,8/4/17
Roadkill: Season 1: Extreme Elco Engine Swap!,8/3/17
Roadkill: Season 1: Cheap Truck Challenge!,8/3/17
Roadkill: Season 1: Viva Ranchero! Alaska or Bust!,8/3/17
Roadkill: Season 1: El Paso to LA: The Hard Way!,8/3/17
Top Gear: Series 22: Episode 7,8/2/17
House of Cards: Season 3: Chapter 29,7/30/17
Top Gear: Series 21: Episode 3,7/19/17
House of Cards: Season 3: Chapter 28,7/18/17
House of Cards: Season 3: Chapter 27,7/18/17
House of Cards: Season 2: Chapter 26,7/17/17
House of Cards: Season 2: Chapter 25,7/17/17
House of Cards: Season 2: Chapter 24,7/17/17
House of Cards: Season 2: Chapter 23,7/17/17
House of Cards: Season 2: Chapter 22,7/17/17
House of Cards: Season 2: Chapter 21,7/17/17
House of Cards: Season 2: Chapter 20,7/17/17
House of Cards: Season 2: Chapter 19,7/16/17
House of Cards: Season 2: Chapter 18,7/16/17
House of Cards: Season 2: Chapter 17,7/16/17
House of Cards: Season 2: Chapter 16,7/16/17
House of Cards: Season 2: Chapter 15,7/16/17
House of Cards: Season 2: Chapter 14,7/16/17
House of Cards: Season 1: Chapter 13,7/16/17
House of Cards: Season 1: Chapter 12,7/16/17
The Killing: Season 1: A Soundless Echo,7/15/17
House of Cards: Season 1: Chapter 11,7/15/17
House of Cards: Season 1: Chapter 10,7/15/17
House of Cards: Season 1: Chapter 9,7/13/17
House of Cards: Season 1: Chapter 8,7/13/17
House of Cards: Season 1: Chapter 7,7/13/17
The Mighty Ducks,7/13/17
Top Gear: Series 21: Episode 2,7/12/17
Top Gear: Series 22: Episode 5,7/12/17
Top Gear: Series 22: Episode 6,7/12/17
Blue Bloods: Season 7: The Thin Blue Line,7/6/17
Blue Bloods: Season 7: Foreign Interference,7/6/17
"Blue Bloods: Season 7: No Retreat, No Surrender",7/6/17
Blue Bloods: Season 7: Love Lost,7/6/17
Blue Bloods: Season 7: A Deep Blue Goodbye,7/6/17
Blue Bloods: Season 7: Shadow of a Doubt,7/6/17
Blue Bloods: Season 7: Hard Bargain,7/6/17
Blue Bloods: Season 7: Lost Souls,7/6/17
Blue Bloods: Season 7: In & Out,7/6/17
Blue Bloods: Season 7: The One That Got Away,7/5/17
Blue Bloods: Season 7: Not Fade Away,7/5/17
Blue Bloods: Season 7: Genetics,7/5/17
Blue Bloods: Season 7: Unbearable Loss,7/5/17
Blue Bloods: Season 7: Confessions,7/5/17
Blue Bloods: Season 7: Personal Business,7/5/17
Blue Bloods: Season 7: Guilt by Association,7/5/17
Blue Bloods: Season 7: Whistleblowers,7/5/17
Blue Bloods: Season 7: For the Community,7/4/17
Blue Bloods: Season 7: Good Cop Bad Cop,7/4/17
Blue Bloods: Season 7: Mob Rules,7/4/17
Blue Bloods: Season 7: The Price of Justice,7/4/17
Blue Bloods: Season 7: The Greater Good,7/4/17
House of Cards: Season 1: Chapter 6,7/4/17
House of Cards: Season 1: Chapter 5,7/4/17
House of Cards: Season 1: Chapter 4,7/3/17
House of Cards: Season 1: Chapter 3,7/3/17
House of Cards: Season 1: Chapter 2,7/3/17
Jackass 3.5: The Unrated Movie,7/2/17
House of Cards: Season 1: Chapter 1,7/2/17
The Investigator: A British Crime Story: Season 1: Episode 1,6/24/17
Top Gear: Series 19: Episode 4,6/7/17
Top Gear: Series 21: Episode 1,6/3/17
Top Gear: Series 20: Episode 6,5/26/17
Top Gear: Series 20: Episode 3,5/25/17
Silver Streak,5/9/17
Escape from New York,5/9/17
The Three Musketeers,5/9/17
Top Gear: Series 23: Episode 1,4/10/17
Louis C.K. 2017,4/4/17
Hannibal Buress: Live from Chicago,4/1/17
Netflix Live Canceled,4/1/17
Dave Chappelle: Collection: Deep in the Heart of Texas: Dave Chappelle Live at Austin City Limits,3/27/17
Dave Chappelle: Collection: The Age of Spin: Dave Chappelle Live at The Hollywood Palladium,3/27/17
Trevor Noah: Afraid of the Dark,3/17/17
Ferris Bueller's Day Off,3/2/17
Pirates of the Caribbean: The Curse of the Black Pearl,2/22/17
U-571,2/17/17
Armageddon,2/14/17
3 Days to Kill,2/13/17
D2: The Mighty Ducks,2/7/17
Top Gear: Series 19: Africa Special,2/4/17
Zootopia,2/4/17
Sherlock: Series 2: A Scandal in Belgravia,1/26/17
Sherlock: Series 1: The Great Game,1/26/17
Religulous,1/25/17
Sherlock: Series 1: The Blind Banker,1/25/17
Jim Gaffigan: Cinco,1/25/17
Super Size Me,1/24/17
Highway Thru Hell: Series 1: Death on the Coq,1/24/17
The Rock,1/23/17
Top Gear: Series 22: Episode 8,1/22/17
Top Gear: Series 22: Episode 4,1/22/17
Top Gear: Series 22: Episode 3,1/22/17
Top Gear: Series 22: Episode 1,1/21/17
Lucky Number Slevin,1/21/17
Blue Bloods: Season 1: Chinatown,1/21/17
Canada's Worst Driver: Season 8: Here They Come…,1/21/17
Top Gear: Series 22: Patagonia Special: Part 2,1/21/17
Top Gear: Series 21: Burma Special: Part 2,1/21/17
Top Gear: Series 21: Burma Special: Part 1,1/20/17
Top Gear: Series 21: Episode 5,1/20/17
Top Gear: Series 21: Episode 4,1/20/17
Top Gear: Series 20: Episode 5,1/19/17
Top Gear: Series 20: Episode 4,1/18/17
London Has Fallen,1/17/17
Top Gear: Series 20: Episode 1,1/16/17
Top Gear: Series 19: Episode 1,1/16/17
Top Gear: Series 18: Episode 7,1/15/17
Top Gear: Series 18: Episode 6,1/15/17
Top Gear: Series 18: Episode 5,1/15/17
Top Gear: Series 18: Episode 4,1/15/17
Top Gear: Series 18: Episode 3,1/15/17
Top Gear: Series 18: Episode 2,1/14/17
Top Gear: Series 18: Episode 1,1/13/17
Collateral Damage,1/11/17
Fire with Fire,1/4/17
The Giver,1/2/17
Motorway Cops: Collection: Lights Out,1/2/17
To Kill a Mockingbird,12/25/16
Arrow: Season 2: Birds of Prey,12/25/16
Bob Ross: Beauty Is Everywhere: Collection 1: Cliffside,12/23/16
Gladiator,12/18/16
Inside the World’s Toughest Prisons: Season 1: Honduras,12/18/16
Spotlight,12/18/16
Arrow: Season 2: Suicide Squad,12/14/16
Arrow: Season 2: The Promise,12/14/16
David Blaine: Street Magic,12/14/16
Get the Gringo,12/14/16
Arrow: Season 2: Time of Death,12/14/16
Arrow: Season 2: Heir to the Demon,12/12/16
Arrow: Season 2: Tremors,12/12/16
Arrow: Season 2: Blind Spot,12/12/16
Arrow: Season 2: Three Ghosts,12/11/16
Arrow: Season 2: The Scientist,12/11/16
Arrow: Season 2: State v. Queen,12/11/16
Arrow: Season 2: Keep Your Enemies Closer,12/11/16
Arrow: Season 2: League of Assassins,12/11/16
Arrow: Season 2: Crucible,12/11/16
Arrow: Season 2: Broken Dolls,12/11/16
Arrow: Season 2: Identity,12/11/16
Arrow: Season 2: City of Heroes,12/10/16
Arrow: Season 1: Sacrifice,12/10/16
Arrow: Season 1: Darkness on the Edge of Town,12/10/16
Arrow: Season 1: The Undertaking,12/10/16
Arrow: Season 1: Home Invasion,12/10/16
Arrow: Season 1: Unfinished Business,12/10/16
Arrow: Season 1: Salvation,12/10/16
Arrow: Season 1: The Huntress Returns,12/10/16
Arrow: Season 1: Dead to Rights,12/10/16
Arrow: Season 1: Dodger,12/10/16
Arrow: Season 1: The Odyssey,12/10/16
Arrow: Season 1: Betrayal,12/10/16
Arrow: Season 1: Vertigo,12/9/16
Arrow: Season 1: Trust but Verify,12/9/16
Arrow: Season 1: Burned,12/9/16
Arrow: Season 1: Year's End,12/8/16
Arrow: Season 1: Vendetta,12/8/16
Arrow: Season 1: Muse of Fire,12/8/16
Arrow: Season 1: Legacies,12/8/16
Arrow: Season 1: Damaged,12/7/16
Arrow: Season 1: An Innocent Man,12/7/16
Arrow: Season 1: Lone Gunmen,12/7/16
Arrow: Season 1: Honor Thy Father,12/7/16
Arrow: Season 1: Pilot,12/7/16
Defiance,12/4/16
Black Mirror: Season 2: White Christmas,12/3/16
National Lampoon's Animal House,12/3/16
Hannibal Buress: Comedy Camisado,12/1/16
The Big Short,12/1/16
Batman,11/30/16
True Memoirs of an International Assassin,11/26/16
Jim Gaffigan: Beyond the Pale,11/26/16
Tom Segura: Mostly Stories,11/23/16
Patton Oswalt: Talking for Clapping,11/15/16
Tom Segura: Completely Normal,11/15/16
Jim Gaffigan: King Baby,11/15/16
Hannibal Buress: Animal Furnace,11/13/16
xXx,11/13/16
The Recruit,11/13/16
Jim Jefferies: Freedumb,11/13/16
The Pacifier,11/11/16
MacGyver: Season 1: The Gauntlet,11/11/16
MacGyver: Season 1: Thief of Budapest,11/9/16
Louis C.K.: Live at the Comedy Store,11/1/16
MacGyver: Season 1: The Golden Triangle,11/1/16
MacGyver: Season 1: Pilot,10/29/16
You Laugh But It's True,10/29/16
Louis C.K.: Hilarious,10/29/16
Undecided: The Movie,10/22/16
Ghost Town,10/1/16
Trevor Noah: African American,9/14/16
Saving Private Ryan,9/14/16
Hyena Road,8/31/16
Jim Gaffigan: Obsessed,8/24/16
Mission: Impossible III,8/19/16
Jim Jefferies : BARE,8/17/16
Blue Bloods: Season 6: Blowback,8/11/16
Blue Bloods: Season 6: The Extra Mile,8/10/16
Blue Bloods: Season 6: Down the Rabbit Hole,8/10/16
Blue Bloods: Season 6: Blast from the Past,8/10/16
Blue Bloods: Season 6: Town Without Pity,8/10/16
Blue Bloods: Season 6: Friends in Need,8/10/16
Blue Bloods: Season 6: Help Me Help You,8/10/16
Blue Bloods: Season 6: Fresh Start,8/10/16
Blue Bloods: Season 6: The Road to Hell,8/10/16
Blue Bloods: Season 6: Stomping Ground,8/10/16
Blue Bloods: Season 6: Back in the Day,8/10/16
Blue Bloods: Season 6: Flags of Our Fathers,8/10/16
Blue Bloods: Season 6: Cursed,8/10/16
Blue Bloods: Season 6: Hold Outs,8/9/16
Blue Bloods: Season 6: Unsung Heroes,8/9/16
Blue Bloods: Season 6: The Bullitt Mustang,8/9/16
Blue Bloods: Season 6: Rush to Judgement,8/9/16
Blue Bloods: Season 6: Backstabbers,8/9/16
Blue Bloods: Season 6: With Friends Like These,8/9/16
Blue Bloods: Season 6: All the News That’s Fit to Click,8/9/16
Blue Bloods: Season 6: Absolute Power,8/9/16
Blue Bloods: Season 6: Worst Case Scenario,8/9/16
Failure to Launch,8/8/16
Funny or Die Presents: Donald Trump's The Art of the Deal: The Movie,8/2/16
Four Brothers,7/16/16
Bill Burr: You People Are All the Same,7/13/16
Spies Like Us,7/12/16
Lethal Weapon 4,7/10/16
Jackass 2.5,7/9/16
American Pie Presents: The Naked Mile,7/9/16
Jim Gaffigan: Mr. Universe,7/9/16
Swordfish,7/5/16
Minions,6/30/16
Taps,6/27/16
Scarface,6/27/16
Killing Them Softly,6/17/16
Into the Wild,6/17/16
Django Unchained,6/17/16
Flypaper,6/12/16
The Running Man,6/9/16
Eraser,6/9/16
Jarhead 3: The Siege,6/8/16
Johnny English,6/8/16
Zoolander,6/4/16
The Interview,6/1/16
Chasing Ice,5/29/16
Bill Burr: I'm Sorry You Feel That Way,5/20/16
Black Mirror: Season 2: White Bear,4/29/16
Black Mirror: Season 1: Fifteen Million Merits,4/29/16
Black Mirror: Season 1: The National Anthem,4/28/16
Kill Bill: Vol. 2,4/17/16
Sixteen Blocks,4/17/16
Arrested Development: Season 1: Bringing Up Buster,4/16/16
Arrested Development: Season 1: Top Banana,4/16/16
Arrested Development: Season 1: Pilot,4/16/16
The Gabby Douglas Story,4/16/16
Hostage,4/12/16
Portlandia: Season 1: Mayor Is Missing,4/8/16
Portlandia: Season 1: Aimee,4/8/16
Portlandia: Season 1: A Song for Portland,4/8/16
Portlandia: Season 1: Farm,4/8/16
Clear and Present Danger,3/31/16
The Score,3/30/16
Spy Game,3/30/16
Batman,3/30/16
Wilfred: Season 1: Anger,3/13/16
Wilfred: Season 1: Pride,3/13/16
Redemption,3/12/16
Wilfred: Season 1: Conscience,3/12/16
Wilfred: Season 1: Respect,3/12/16
Wilfred: Season 1: Acceptance,3/12/16
Wilfred: Season 1: Fear,3/11/16
Wilfred: Season 1: Trust,3/11/16
Wilfred: Season 1: Happiness,3/11/16
Wilfred (Australia): Season 1 (AU): There is a Dog,3/11/16
London Boulevard,3/3/16
The Gunman,2/19/16
Sirens: Season 1: Pilot,2/17/16
Chef,2/13/16
Rosewater,2/13/16
Aziz Ansari: Dangerously Delicious,2/4/16
Blue Bloods: Season 2: Collateral Damage,2/3/16
Nightcrawler,2/3/16
Battle Creek: Season 1: The Battle Creek Way,1/19/16
Blue Bloods: Season 3: This Way Out,1/15/16
Blue Bloods: Season 3: The Bitter End,1/15/16
Blue Bloods: Season 3: Devil's Breath,1/15/16
Blue Bloods: Season 3: Ends & Means,1/10/16
Blue Bloods: Season 3: Loss of Faith,1/10/16
Blue Bloods: Season 3: No Regrets,1/10/16
Blue Bloods: Season 3: Protest Too Much,1/9/16
Blue Bloods: Season 3: Quid Pro Quo,1/9/16
Blue Bloods: Season 3: Warriors,1/9/16
Blue Bloods: Season 4: Custody Battle,1/9/16
Blue Mountain State: Season 1: There's Only One Second Best,1/9/16
Blue Mountain State: Season 1: Rivalry Weekend,1/9/16
Blue Mountain State: Season 1: Pocket P*ssy,1/9/16
Blue Mountain State: Season 1: Promise Ring,1/9/16
The Punisher,1/8/16
Blue Bloods: Season 3: Old Wounds,1/7/16
Louis C.K.: Chewed Up,1/5/16
Blue Bloods: Season 3: Family Business,1/5/16
Blue Bloods: Season 4: To Protect and Serve,1/5/16
Blue Bloods: Season 4: Exiles,1/5/16
Blue Bloods: Season 4: Secret Arrangements,1/5/16
Blue Bloods: Season 4: Righting Wrongs,1/5/16
Blue Bloods: Season 4: Knockout Game,1/4/16
Blue Bloods: Season 4: Insult to Injury,1/4/16
Blue Bloods: Season 4: Open Secrets,1/4/16
Blue Bloods: Season 4: Manhattan Queens,1/4/16
Blue Bloods: Season 4: Unfinished Business,1/4/16
Blue Bloods: Season 4: The Bogeyman,1/4/16
Blue Bloods: Season 4: Ties That Bind,1/4/16
Blue Bloods: Season 4: Mistaken Identity,1/3/16
Blue Bloods: Season 4: Bad Blood,1/3/16
Blue Bloods: Season 4: Growing Boys,1/3/16
Blue Bloods: Season 4: Lost and Found,1/3/16
Blue Bloods: Season 4: The Truth About Lying,1/3/16
Kevin Hart: I'm a Grown Little Man,1/3/16
Kevin Hart: Laugh at My Pain,1/3/16
Blue Bloods: Season 5: The Art of War,1/3/16
Blue Bloods: Season 5: New Rules,1/3/16
Blue Bloods: Season 5: Payback,1/2/16
Blue Bloods: Season 5: Through the Looking Glass,1/2/16
Blue Bloods: Season 5: Bad Company,1/2/16
Blue Bloods: Season 5: Occupational Hazards,1/2/16
Blue Bloods: Season 5: In the Box,1/2/16
Blue Bloods: Season 5: Power Players,1/2/16
Blue Bloods: Season 5: The Poor Door,1/2/16
Blue Bloods: Season 5: Love Stories,1/2/16
Blue Bloods: Season 5: Home Sweet Home,1/2/16
Blue Bloods: Season 5: Baggage,1/2/16
Blue Bloods: Season 5: Sins of the Father,1/2/16
Blue Bloods: Season 5: Under the Gun,1/2/16
Blue Bloods: Season 5: Power of the Press,1/2/16
Blue Bloods: Season 5: Shoot the Messenger,1/2/16
Blue Bloods: Season 5: Most Wanted,1/2/16
Blue Bloods: Season 5: Loose Lips,1/1/16
Blue Bloods: Season 5: Excessive Force,1/1/16
Blue Bloods: Season 5: Burning Bridges,1/1/16
Blue Bloods: Season 5: Forgive and Forget,1/1/16
Blue Bloods: Season 5: Partners,12/31/15
Team America: World Police,12/31/15
Blue Bloods: Season 4: Above and Beyond,12/31/15
Blue Bloods: Season 4: Justice Served,12/31/15
Blue Bloods: Season 4: Drawing Dead,12/31/15
Blue Bloods: Season 4: The City That Never Sleeps,12/31/15
Blue Bloods: Season 4: Unwritten Rules,12/31/15
Blue Bloods: Season 2: Black and Blue,12/30/15
Blue Bloods: Season 3: Men in Black,12/30/15
Blue Bloods: Season 3: Inside Jobs,12/29/15
Blue Bloods: Season 3: Framed,12/29/15
Blue Bloods: Season 3: Front Page News,12/29/15
Blue Bloods: Season 3: Fathers and Sons,12/29/15
Blue Bloods: Season 3: Secrets and Lies,12/29/15
Blue Bloods: Season 3: Higher Education,12/28/15
Blue Bloods: Season 3: Nightmares,12/28/15
Blue Bloods: Season 3: Greener Grass,12/27/15
The Ridiculous 6,12/27/15
Homefront,12/22/15
Chris Tucker Live,12/11/15
Louis C.K.: Live at the Beacon Theater,12/11/15
Rambo III,12/8/15
Rambo: First Blood Part II,12/8/15
Rambo: First Blood,12/7/15
The Boondocks: Season 3: The Fried Chicken Flu,11/21/15
Chris D'Elia: Incorrigible,11/20/15
Top Gun,11/16/15
The Bourne Supremacy,11/16/15
Nick Offerman: American Ham,11/4/15
Sabotage,10/27/15
Kill Bill: Vol. 1,10/27/15
Blue Bloods: Season 3: Risk and Reward,10/12/15
The Bank Job,10/4/15
The Prince,9/30/15
Blue Bloods: Season 3: Scorched Earth,9/30/15
"Blue Mountain State: Season 1: It's Called Hazing, Look It Up",9/30/15
Saturday Night Live: The 2010s: Season 37: Alec Baldwin/Radiohead,9/29/15
The Hurt Locker,9/2/15
Legit: Season 1: Pilot,9/1/15
Kevin Hart: Seriously Funny,8/31/15
Lewis Black: In God We Rust,8/31/15
Eddie Murphy: Raw,8/25/15
Interview with a Hitman,8/25/15
Top Shot: Collection: The Long Shot,8/25/15
Locked Up Abroad: Season 5: Saudi Bootlegger,8/12/15
Jim Norton: American Degenerate,8/12/15
Mike Birbiglia: What I Should Have Said Was Nothing: Tales from My Secret Public Journal,8/6/15
Jim Jefferies: Fully Functional,8/6/15
Gary Gulman: In This Economy?,8/5/15
Archer: Season 5: Archer Vice: Arrival / Departure,8/4/15
Archer: Season 5: Archer Vice: Filibuster,8/4/15
Archer: Season 5: Archer Vice: Palace Intrigue: Part II,8/4/15
Archer: Season 5: Archer Vice: Palace Intrigue: Part I,8/1/15
Archer: Season 5: Archer Vice: Baby Shower,8/1/15
Archer: Season 5: Archer Vice: On the Carpet,8/1/15
Archer: Season 5: Archer Vice: The Rules of Extraction,8/1/15
Archer: Season 5: Archer Vice: Smugglers' Blues,8/1/15
Archer: Season 5: Archer Vice: Southbound and Down,7/31/15
Archer: Season 5: Archer Vice: House Call,7/31/15
Archer: Season 5: Archer Vice: A Debt of Honor,7/31/15
Archer: Season 5: Archer Vice: A Kiss While Dying,7/26/15
Chuck: Season 1: Pilot,7/15/15
Archer: Season 5: Archer Vice: White Elephant,7/15/15
Archer: Season 4: Sea Tunt: Part II,7/15/15
Archer: Season 4: Sea Tunt: Part I,7/15/15
Archer: Season 4: The Papal Chase,7/15/15
Archer: Season 4: Un Chien Tangerine,7/14/15
Archer: Season 4: The Honeymooners,7/14/15
Archer: Season 4: Coyote Lovely,7/14/15
Archer: Season 4: Live and Let Dine,7/14/15
Archer: Season 4: Once Bitten,7/14/15
Archer: Season 4: Viscous Coupling,7/14/15
Archer: Season 4: Midnight Ron,7/14/15
Archer: Season 4: Legs,7/14/15
Archer: Season 4: The Wind Cries Mary,7/14/15
Archer: Season 4: Fugue and Riffs,7/13/15
"Archer: Season 3: Space Race, Part 2",7/13/15
"Archer: Season 3: Space Race, Part 1",7/13/15
Archer: Season 3: Skin Game,7/13/15
Archer: Season 3: Crossing Over,7/13/15
Archer: Season 3: Bloody Ferlin,7/13/15
Archer: Season 3: Lo Scandalo,7/13/15
Archer: Season 3: Drift Problem,7/13/15
Archer: Season 3: The Limited,7/13/15
Archer: Season 3: El Contador,7/13/15
Archer: Season 3: The Man from Jupiter,7/12/15
"Archer: Season 3: Heart of Archness, Part 3",7/12/15
"Archer: Season 3: Heart of Archness, Part 2",7/11/15
"Archer: Season 3: Heart of Archness, Part 1",7/11/15
Archer: Season 2: Double Trouble,7/10/15
Archer: Season 2: White Nights,7/10/15
Archer: Season 2: Jeu Monégasque,7/9/15
Archer: Season 2: El Secuestro,7/9/15
Archer: Season 2: Placebo Effect,7/9/15
Archer: Season 2: Stage Two,7/9/15
Archer: Season 2: Movie Star,7/9/15
Archer: Season 2: Tragical History,7/9/15
Archer: Season 2: The Double Deuce,7/9/15
Archer: Season 2: Pipeline Fever,7/8/15
Archer: Season 2: Blood Test,7/8/15
Archer: Season 2: A Going Concern,7/8/15
Archer: Season 2: Swiss Miss,7/8/15
Archer: Season 1: Dial M for Mother,7/8/15
Archer: Season 1: Job Offer,7/8/15
Archer: Season 1: The Rock,7/7/15
Archer: Season 1: Skytanic,7/7/15
Archer: Season 1: Skorpio,7/7/15
Archer: Season 1: Honeypot,7/7/15
Archer: Season 1: Killing Utne,7/7/15
Archer: Season 1: Diversity Hire,7/7/15
Archer: Season 1: Training Day,7/7/15
Archer: Season 1: Pilot: Mole Hunt,7/7/15
Point and Shoot,7/2/15
Aziz Ansari Live at Madison Square Garden,7/2/15
The November Man,7/1/15
G.I. Joe: Retaliation,7/1/15
A Most Wanted Man,6/30/15
Jack Ryan: Shadow Recruit,6/20/15
Anchorman 2: The Legend Continues (Super-Sized Version),6/3/15
Kevin Hart: Let Me Explain,6/3/15
The League: Season 4: Tailgate,6/3/15
Polar Bear: Spy on the Ice: Season 1: Episode 1,5/23/15
Crank,5/15/15
National Security,5/15/15
Modern Marvels: Collection: Tiny Weapons,4/14/15
Vietnam in HD: Search & Destroy (1966-1967),4/5/15
Bill Burr: Let It Go,4/4/15
Vietnam in HD: The Beginning (1964-1965),4/4/15
Sky Soldier,4/4/15
The Big Rig Bounty Hunters: Season 1: Tracked,4/3/15
TED Talks: Life Hack: Life Hack: Amy Cuddy: Your Body Language Shapes Who You Are,4/3/15
Jackass Presents: Bad Grandpa: Unrated Version,4/3/15
Hitler's G.I Death Camp,4/3/15
The Code,4/2/15
National Geographic: Inside Guantanamo,4/2/15
Dirty Wars,4/2/15
Inside Russia's Toughest Prison,3/29/15
National Geographic: Camp Leatherneck,3/28/15
Mission: Impossible II,3/26/15
Lethal Force,3/26/15
Jack Reacher,3/22/15
Korengal,3/21/15
Inside Combat Rescue: Season 1: Visions of War,3/15/15
National Geographic: 21 Days to Baghdad,3/14/15
Battle for Haditha,3/14/15
Blackfish,3/14/15
The Immigrant,2/24/15
Elsa & Fred,2/23/15
Red Dawn,2/19/15