Title,Date
"The Dragon Prince: Season 1: An Empty Throne","3/25/22"
"Masters of the Universe: Revelation: Part 2: Comes with Everything You See Here","3/17/22"
"Masters of the Universe: Revelation: Part 2: Reason and Blood","3/17/22"
"Masters of the Universe: Revelation: Part 2: Cleaved in Twain","3/17/22"
"Demon Slayer: Kimetsu no Yaiba: Tanjiro Kamado, Unwavering Resolve Arc: Letting Someone Else Go First","3/9/22"
"Demon Slayer: Kimetsu no Yaiba: Tanjiro Kamado, Unwavering Resolve Arc: Mount Natagumo","3/9/22"
"Demon Slayer: Kimetsu no Yaiba: Tanjiro Kamado, Unwavering Resolve Arc: The House with the Wisteria Family Crest","3/9/22"
"Teenage Mutant Ninja Turtles","2/23/22"
"The Ridiculous 6","1/19/22"
"The Legend of Korra: Book One: Air: The Revelation","1/13/22"
"Demon Slayer: Kimetsu no Yaiba: Tanjiro Kamado, Unwavering Resolve Arc: You Must Master a Single Thing","12/9/21"
"Demon Slayer: Kimetsu no Yaiba: Tanjiro Kamado, Unwavering Resolve Arc: Trainer Sakonji Urokodaki","12/9/21"
"Maya and the Three: Limited Series: Chapter 9: The Sun and the Moon","11/20/21"
"Maya and the Three: Limited Series: Chapter 8: The Bat and the Owl","11/20/21"
"Maya and the Three: Limited Series: Chapter 7: The Divine Gate","11/20/21"
"Maya and the Three: Limited Series: Chapter 6: Maya and the Three","11/20/21"
"Maya and the Three: Limited Series: Chapter 5: The Puma","11/20/21"
"Maya and the Three: Limited Series: Chapter 3: The Rooster","11/20/21"
"Maya and the Three: Limited Series: Chapter 4: The Skull","11/19/21"
"Maya and the Three: Limited Series: Chapter 2: The Prophecy","11/19/21"
"Maya and the Three: Limited Series: Chapter 1: Quinceañera","11/19/21"
"LEGO Ninjago: Season 3 Part 2 - Seabound: The Turn of the Tide","11/19/21"
"LEGO Ninjago: Season 3 Part 2 - Seabound: Nyad","11/19/21"
"LEGO Ninjago: Season 3 Part 2 - Seabound: Assault on Ninjago City","11/19/21"
"LEGO Ninjago: Season 3 Part 2 - Seabound: The Calm Before the Storm","11/19/21"
"LEGO Ninjago: Season 3 Part 2 - Seabound: Master of the Sea","11/19/21"
"LEGO Ninjago: Season 3 Part 2 - Seabound: Papergirl","11/19/21"
"LEGO Ninjago: Season 3 Part 2 - Seabound: Riddle of the Sphinx","11/19/21"
"LEGO Ninjago: Season 3 Part 2 - Seabound: The Storm Amulet","11/19/21"
"LEGO Ninjago: Season 3 Part 2 - Seabound: The Tale of Benthomaar","11/19/21"
"LEGO Ninjago: Season 3 Part 2 - Seabound: Escape from Merlopia","11/19/21"
"LEGO Ninjago: Season 3 Part 2 - Seabound: Long Live the King","11/19/21"
"LEGO Ninjago: Season 3 Part 2 - Seabound: The Wrath of Kalmaar","11/19/21"
"LEGO Ninjago: Season 3 Part 2 - Seabound: Five Thousand Fathoms Down","11/19/21"
"LEGO Ninjago: Season 3 Part 2 - Seabound: Unsinkable","11/19/21"
"LEGO Ninjago: Season 3 Part 2 - Seabound: The Call of the Deep","11/19/21"
"LEGO Ninjago: Season 3 Part 2 - Seabound: A Big Splash","11/19/21"
"Avatar: The Last Airbender: Book 3: Sozin's Comet","11/19/21"
"Avatar: The Last Airbender: Book 3: Day of the Black Sun","11/19/21"
"Avatar: The Last Airbender: Book 3: The Avatar and the Firelord","11/19/21"
"Avatar: The Last Airbender: Book 3: The Beach","11/19/21"
"Avatar: The Last Airbender: Book 3: Sokka's Master","11/19/21"
"Avatar: The Last Airbender: Book 3: The Painted Lady","11/19/21"
"Avatar: The Last Airbender: Book 3: The Headband","11/19/21"
"Avatar: The Last Airbender: Book 3: The Ember Island Players","11/18/21"
"Avatar: The Last Airbender: Book 3: The Southern Raiders","11/18/21"
"Avatar: The Last Airbender: Book 3: The Boiling Rock","11/18/21"
"Avatar: The Last Airbender: Book 1: The Storm","11/16/21"
"InuYasha the Movie 3: Swords of an Honorable Ruler","11/15/21"
"Pokémon the Movie: I Choose You!","11/11/21"
"The Legend of Korra: Book Two: Spirits: Night of a Thousand Stars","11/11/21"
"Castlevania: Season 4: The Great Work","11/8/21"
"Castlevania: Season 4: Death Magic","11/8/21"
"Dragons: Race to the Edge: Season 6: Mi Amore Wing","11/7/21"
"Dragons: Race to the Edge: Season 6: Chain of Command","11/7/21"
"Dragons: Race to the Edge: Season 6: No Bark, All Bite","11/7/21"
"Castlevania: Season 4: Walk Away","11/5/21"
"Titanic","11/3/21"
"Dragons: Race to the Edge: Season 1: Crushing It","10/30/21"
"Dragons: Race to the Edge: Season 2: The Zippleback Experience","10/30/21"
"Dragons: Race to the Edge: Season 4: Midnight Scrum","10/30/21"
"Demon Slayer: Kimetsu no Yaiba: Tanjiro Kamado, Unwavering Resolve Arc: Cruelty","10/30/21"
"Castlevania: Season 4: Having the World","10/29/21"
"Castlevania: Season 1: Witchbottle","10/29/21"
"Castlevania: Season 4: You Don't Deserve My Blood","10/28/21"
"Castlevania: Season 4: Murder Wakes It Up","10/28/21"
"Castlevania: Season 4: It's Been a Strange Ride","10/28/21"
"Castlevania: Season 4: The Endings","10/26/21"
"The Dragon Prince: Season 3: Sol Regem","10/24/21"
"The Dragon Prince: Season 2: Breathe","10/24/21"
"The Dragon Prince: Season 2: The Book of Destiny","10/23/21"
"The Dragon Prince: Season 2: Fire and Fury","10/23/21"
"The Dragon Prince: Season 2: Heart of a Titan","10/23/21"
"The Dragon Prince: Season 2: Breaking the Seal","10/23/21"
"The Dragon Prince: Season 2: Voyage of the Ruthless","10/23/21"
"Demon Slayer: Kimetsu no Yaiba: Tanjiro Kamado, Unwavering Resolve Arc: Hashira Meeting","10/22/21"
"Demon Slayer: Kimetsu no Yaiba: Tanjiro Kamado, Unwavering Resolve Arc: Master of the Mansion","10/22/21"
"Demon Slayer: Kimetsu no Yaiba: Tanjiro Kamado, Unwavering Resolve Arc: A Forged Bond","10/22/21"
"Demon Slayer: Kimetsu no Yaiba: Tanjiro Kamado, Unwavering Resolve Arc: Together Forever","10/21/21"
"Demon Slayer: Kimetsu no Yaiba: Tanjiro Kamado, Unwavering Resolve Arc: Temari Demon and Arrow Demon","10/21/21"
"Yu-Gi-Oh!: Season 1: Yugi vs. Pegasus Match of the Millennium: Part 1","10/20/21"
"Demon Slayer: Kimetsu no Yaiba: Tanjiro Kamado, Unwavering Resolve Arc: New Mission","10/20/21"
"Demon Slayer: Kimetsu no Yaiba: Tanjiro Kamado, Unwavering Resolve Arc: Tsuguko, Kanao Tsuyuri","10/20/21"
"Demon Slayer: Kimetsu no Yaiba: Tanjiro Kamado, Unwavering Resolve Arc: Rehabilitation Training","10/19/21"
"Demon Slayer: Kimetsu no Yaiba: Tanjiro Kamado, Unwavering Resolve Arc: Against Corps Rules","10/19/21"
"Demon Slayer: Kimetsu no Yaiba: Tanjiro Kamado, Unwavering Resolve Arc: Pretend Family","10/19/21"
"Demon Slayer: Kimetsu no Yaiba: Tanjiro Kamado, Unwavering Resolve Arc: Hinokami","10/19/21"
"Big Time Rush: Season 4: Big Time Dreams","10/19/21"
"iCarly: Season 2: iMove Out","10/16/21"
"Yu-Gi-Oh!: Season 1: Best of Friends Best of Duelists: Part 2","10/15/21"
"Yu-Gi-Oh!: Season 1: Yugi vs. Pegasus Match of the Millennium: Part 5","10/14/21"
"Yu-Gi-Oh!: Season 1: Yugi vs. Pegasus Match of the Millennium: Part 4","10/14/21"
"Yu-Gi-Oh!: Season 1: Yugi vs. Pegasus Match of the Millennium: Part 3","10/12/21"
"Yu-Gi-Oh!: Season 1: Yugi vs. Pegasus Match of the Millennium: Part 2","10/12/21"
"Yu-Gi-Oh!: Season 1: Keith's Machinations: Part 2","10/12/21"
"Yu-Gi-Oh!: Season 1: Keith's Machinations: Part 1","10/12/21"
"Yu-Gi-Oh!: Season 1: The Night Before","10/9/21"
"Yu-Gi-Oh!: Season 1: Champion vs. Creator: Part 2","10/9/21"
"Yu-Gi-Oh!: Season 1: Champion vs. Creator: Part 1","10/9/21"
"Yu-Gi-Oh!: Season 1: Duel Identity: Part 2","10/9/21"
"SHAMAN KING: Season 1: And Hao!","10/3/21"
"SHAMAN KING: Season 1: Ren vs. En: The End of the Tao","10/3/21"
"Transformers Prime: Season 1: One Shall Rise: Part 1","9/20/21"
"Transformers Prime: Season 1: One Shall Rise: Part 2","9/20/21"
"iCarly: Season 2: iTake on Dingo","9/19/21"
"iCarly: Season 1: iWant More Viewers","9/18/21"
"iCarly: Season 2: iPie","9/18/21"
"iCarly: Season 2: iHurt Lewbert","9/18/21"
"iCarly: Season 2: iOwe You","9/18/21"
"Austin Powers: International Man of Mystery","9/12/21"
"Pokémon the Movie: Secrets of the Jungle_hook_primary_16x9","9/12/21"
"iCarly: Season 2: iGo to Japan","9/12/21"
"iCarly: Season 2: iDate a Bad Boy","9/12/21"
"iCarly: Season 1: iHave a Love Sick Teacher","9/12/21"
"The Daily Life of the Immortal King: Episode 1","8/17/21"
"SHAMAN KING: Season 1: A Form of Courage","8/15/21"
"SHAMAN KING: Season 1: Yoh vs. Horohoro!","8/15/21"
"SHAMAN KING: Season 1: Over Soul","8/15/21"
"SHAMAN KING: Season 1: Happy Place","8/15/21"
"SHAMAN KING: Season 1: Anna and Tao Jun","8/15/21"
"SHAMAN KING: Season 1: Another Shaman","8/15/21"
"The Spiderwick Chronicles","7/27/21"
"Avatar: The Last Airbender: Book 3: The Awakening","7/27/21"
"Dragons: Race to the Edge: Season 6: Family Matters","7/12/21"
"Dragons: Race to the Edge: Season 6: Triple Cross","7/12/21"
"Castlevania: Season 3: Abandon All Hope","6/4/21"
"Castlevania: Season 3: The Harvest","6/4/21"
"Castlevania: Season 4: Back in the World","6/4/21"
"Castlevania: Season 3: The Reparation of My Heart","5/14/21"
"Castlevania: Season 3: Investigators","5/14/21"
"Castlevania: Season 4: You Must Sacrifice","5/13/21"
"Castlevania: Season 1: Monument","5/13/21"
"Castlevania: Season 2: The River","5/12/21"
"Castlevania: Season 1: Labyrinth","5/11/21"
"Castlevania: Season 1: Necropolis","5/11/21"
"The Dragon Prince: Season 3: Dragonguard","5/7/21"
"The Dragon Prince: Season 3: Hearts of Cinder","5/7/21"
"The Dragon Prince: Season 3: Thunderfall","5/7/21"
"The Dragon Prince: Season 3: Heroes and Masterminds","5/7/21"
"Demon Slayer: Kimetsu no Yaiba: Tanjiro Kamado, Unwavering Resolve Arc: Something More Important Than Life","5/3/21"
"Rango","5/1/21"
"Dragons: Race to the Edge: Season 1: Have Dragon Will Travel, Part 2","5/1/21"
"Demon Slayer: Kimetsu no Yaiba: Tanjiro Kamado, Unwavering Resolve Arc: The Boar Bares Its Fangs, Zenitsu Sleeps","4/30/21"
"Demon Slayer: Kimetsu no Yaiba: Tanjiro Kamado, Unwavering Resolve Arc: Tsuzumi Mansion","4/30/21"
"Demon Slayer: Kimetsu no Yaiba: Tanjiro Kamado, Unwavering Resolve Arc: The Smell of Enchanting Blood","4/30/21"
"Demon Slayer: Kimetsu no Yaiba: Tanjiro Kamado, Unwavering Resolve Arc: Muzan Kibutsuji","4/30/21"
"Demon Slayer: Kimetsu no Yaiba: Tanjiro Kamado, Unwavering Resolve Arc: Swordsman Accompanying a Demon","4/30/21"
"Demon Slayer: Kimetsu no Yaiba: Tanjiro Kamado, Unwavering Resolve Arc: My Own Steel","4/30/21"
"Demon Slayer: Kimetsu no Yaiba: Tanjiro Kamado, Unwavering Resolve Arc: Final Selection","4/30/21"
"Demon Slayer: Kimetsu no Yaiba: Tanjiro Kamado, Unwavering Resolve Arc: Sabito and Makomo","4/30/21"
"The Dragon Prince: Season 3: Ghost","4/30/21"
"Dragons: Race to the Edge: Season 5: Sins of the Past","4/29/21"
"Dragons: Race to the Edge: Season 5: Searching for Oswald ... and Chicken","4/29/21"
"Dragons: Race to the Edge: Season 5: The Wings of War, Part 2","4/29/21"
"Dragons: Race to the Edge: Season 5: The Wings of War, Part 1","4/29/21"
"The Magic School Bus: Season 4: The Magic School Bus Cracks a Yolk","4/29/21"
"Dragons: Race to the Edge: Season 4: Shell Shocked: Part 2","4/29/21"
"Dragons: Race to the Edge: Season 4: Shell Shocked: Part 1","4/29/21"
"Dragons: Race to the Edge: Season 4: Gold Rush","4/29/21"
"Dragons: Race to the Edge: Season 5: Something Rotten on Berserker Island","4/29/21"
"Dragons: Race to the Edge: Season 4: Blindsided","4/28/21"
"Dragons: Race to the Edge: Season 4: Twintuition","4/28/21"
"Dragons: Race to the Edge: Season 4: Dire Straits","4/28/21"
"Dragons: Race to the Edge: Season 4: Saving Shattermaster","4/28/21"
"Dragons: Race to the Edge: Season 3: Last Auction Heroes","4/28/21"
"Dragons: Race to the Edge: Season 3: Family on the Edge","4/28/21"
"Dragons: Race to the Edge: Season 3: Enemy of My Enemy","4/28/21"
"Dragons: Race to the Edge: Season 3: Follow the Leader","4/28/21"
"Dragons: Race to the Edge: Season 3: Crash Course","4/28/21"
"Dragons: Race to the Edge: Season 4: The Longest Day","4/28/21"
"Dragons: Race to the Edge: Season 2: Maces and Talons, Part 1","4/28/21"
"Dragons: Race to the Edge: Season 2: Maces and Talons, Part 2","4/28/21"
"Dragons: Race to the Edge: Season 6: King of Dragons, Part 2","4/28/21"
"Dragons: Race to the Edge: Season 6: King of Dragons, Part 1","4/28/21"
"Dragons: Race to the Edge: Season 6: A Gruff Separation","4/27/21"
"Dragons: Race to the Edge: Season 4: Out of the Frying Pan","4/27/21"
"The Dragon Prince: Season 3: The Midnight Desert","4/26/21"
"The Dragon Prince: Season 3: The Final Battle","4/25/21"
"Avatar: The Last Airbender: Book 3: The Puppetmaster","4/23/21"
"Dragons: Race to the Edge: Season 6: In Plain Sight","4/22/21"
"LEGO Ninjago: Masters of Spinjitzu: March of the Oni: The Fall","2/7/21"
"The Magic School Bus: Season 2: The Magic School Bus in a Pickle","2/7/21"
"The Dragon Prince: Season 3: The Crown","2/5/21"
"Iron Man: Armored Adventures: Season 1: Whiplash","1/25/21"
"Iron Man: Armored Adventures: Season 1: Cold War","1/25/21"
"Iron Man: Armored Adventures: Season 1: Secrets and Lies","1/25/21"
"Iron Man: Armored Adventures: Season 1: Iron, Forged in Fire: Part 2","1/25/21"
"Iron Man: Armored Adventures: Season 1: Iron, Forged in Fire: Part 1","1/25/21"
"Iron Man: Armored Adventures: Season 2: The Makluan Invasion: Part 2: Unite!","1/24/21"
"Iron Man: Armored Adventures: Season 2: The Dragonseed","1/24/21"
"Iron Man: Armored Adventures: Season 2: Rage of the Hulk","1/24/21"
"Iron Man: Armored Adventures: Season 2: The X-Factor","1/24/21"
"Iron Man: Armored Adventures: Season 2: Extremis","1/24/21"
"Iron Man: Armored Adventures: Season 2: Hostile Takeover","1/24/21"
"Iron Man: Armored Adventures: Season 2: Heavy Mettle","1/24/21"
"Iron Man: Armored Adventures: Season 2: Enter: Iron Monger","1/24/21"
"Iron Man: Armored Adventures: Season 2: The Hawk and the Spider","1/24/21"
"Iron Man: Armored Adventures: Season 2: The Might of Doom","1/24/21"
"Iron Man: Armored Adventures: Season 2: Titanium vs. Iron","1/24/21"
"Iron Man: Armored Adventures: Season 2: Line of Fire","1/24/21"
"Iron Man: Armored Adventures: Season 2: Armor Wars","1/24/21"
"LEGO Ninjago: Season 2 - Secrets of Forbidden Spinjitzu: The Son of Lily","1/20/21"
"LEGO Ninjago: Season 2 - Secrets of Forbidden Spinjitzu: The Upply Strike Back!","1/20/21"
"LEGO Ninjago: Season 2 - Secrets of Forbidden Spinjitzu: The Ascent","1/20/21"
"LEGO Ninjago: Season 2 - Secrets of Forbidden Spinjitzu: The Darkest Hour","1/20/21"
"LEGO Ninjago: Season 2 - Secrets of Forbidden Spinjitzu: Masters Never Quit","1/20/21"
"LEGO Ninjago: Season 2 - Secrets of Forbidden Spinjitzu: Greif-Bringer","1/20/21"
"LEGO Ninjago: Season 2 - Secrets of Forbidden Spinjitzu: Dungeon Crawl!","1/20/21"
"LEGO Ninjago: Season 2 - Secrets of Forbidden Spinjitzu: Dungeon Party","1/20/21"
"LEGO Ninjago: Season 2 - Secrets of Forbidden Spinjitzu: The Real Fall!","1/20/21"
"LEGO Ninjago: Season 2 - Secrets of Forbidden Spinjitzu: The Skull Sorcerer","1/20/21"
"LEGO Ninjago: Season 2 - Secrets of Forbidden Spinjitzu: Trail By Mino","1/20/21"
"LEGO Ninjago: Season 2 - Secrets of Forbidden Spinjitzu: Shintaro","1/20/21"
"LEGO Ninjago: Season 2 - Secrets of Forbidden Spinjitzu: Queen of the Munce","1/20/21"
"LEGO Ninjago: Season 2 - Secrets of Forbidden Spinjitzu: The Two Blades","1/20/21"
"LEGO Ninjago: Season 2 - Secrets of Forbidden Spinjitzu: The Worst Rescue Ever","1/20/21"
"LEGO Ninjago: Season 2 - Secrets of Forbidden Spinjitzu: Into the Dark","1/20/21"
"Transformers Prime: Season 1: One Shall Fall","1/20/21"
"Joseph: King of Dreams","12/1/20"
"Real Steel","9/27/20"
"The Dragon Prince: Season 2: Smoke and Mirrors","8/30/20"
"The Dragon Prince: Season 2: Half Moon Lies","8/30/20"
"The Dragon Prince: Season 2: A Secret and a Spark","8/30/20"
"The Dragon Prince: Season 1: Cursed Caldera","8/30/20"
"The Dragon Prince: Season 1: Wonderstorm","8/30/20"
"The Dragon Prince: Season 1: The Dagger and the Wolf","8/30/20"
"The Dragon Prince: Season 1: Through the Ice","8/29/20"
"The Dragon Prince: Season 1: Bloodthirsty","8/29/20"
"The Dragon Prince: Season 1: Moonrise","8/29/20"
"The Dragon Prince: Season 1: What Is Done","8/29/20"
"The Dragon Prince: Season 1: Echoes of Thunder","8/29/20"
"Transformers Prime: Season 1: Partners","7/16/20"
"Jimmy Neutron: Boy Genius","7/13/20"
"Clash of the Titans","7/12/20"
"Castlevania: Season 3: I Have a Scheme","7/5/20"
"Bleach the Movie: Hell Verse","6/30/20"
"Transformers Prime: Season 1: One Shall Rise: Part 3","6/21/20"
"Transformers Prime: Season 1: Out of His Head","5/31/20"
"Transformers Prime: Season 1: Darkness Rising: Part 5","5/31/20"
"Transformers Prime: Season 1: Darkness Rising: Part 4","5/31/20"
"Transformers Prime: Season 1: Darkness Rising: Part 3","5/31/20"
"Transformers Prime: Season 1: Crisscross","5/30/20"
"Transformers Prime: Season 1: Sick Mind","5/30/20"
"Transformers Prime: Season 1: Predatory","5/30/20"
"Transformers Prime: Season 1: Speed Metal","5/30/20"
"Transformers Prime: Season 1: Deus Ex Machina","5/30/20"
"Transformers Prime: Season 1: Convoy","5/30/20"
"Transformers Prime: Season 1: T.M.I.","5/28/20"
"Transformers Prime: Season 1: Rock Bottom","5/28/20"
"The Walking Dead: Season 5: No Sanctuary","5/26/20"
"The Walking Dead: Season 4: A","5/26/20"
"The Walking Dead: Season 4: Us","5/26/20"
"Transformers Prime: Season 1: Stronger, Faster","5/22/20"
"Transformers Prime: Season 1: Masters and Students","5/22/20"
"Ace Ventura: Pet Detective","5/22/20"
"Transformers Prime: Season 1: Scrapheap","5/22/20"
"LEGO Bionicle: The Journey to One: Season 2: The Dark Portal","5/18/20"
"LEGO Bionicle: The Journey to One: Season 2: Destroyer’s Game","5/18/20"
"LEGO Bionicle: The Journey to One: Season 1: Trials of the Toa","5/18/20"
"LEGO Bionicle: The Journey to One: Season 1: Quest for Unity","5/18/20"
"LEGO Bionicle: The Journey to One: Season 1: Prologue: The Legend Begins","5/18/20"
"LEGO Ninjago: Masters of Spinjitzu: Legacy of the Green Ninja: The Last Hope","4/29/20"
"LEGO Ninjago: Masters of Spinjitzu: Legacy of the Green Ninja: Island of Darkness","4/27/20"
"LEGO Ninjago: Masters of Spinjitzu: Rise of the Serpentine: Rise of the Snakes","4/27/20"
"The Last Airbender","4/23/20"
"Yu-Gi-Oh!: Season 2: Obelisk the Tormentor","4/15/20"
"Yu-Gi-Oh!: Season 2: Steppin' Out","4/15/20"
"Yu-Gi-Oh!: Season 2: Episode 50","4/15/20"
"Yu-Gi-Oh!: Season 1: Dungeon Dice Monsters: Part 4 (Endgame)","4/15/20"
"Yu-Gi-Oh!: Season 1: Dungeon Dice Monsters: Part 3","4/15/20"
"Yu-Gi-Oh!: Season 1: Dungeon Dice Monsters: Part 2","4/15/20"
"Yu-Gi-Oh!: Season 1: Dungeon Dice Monsters: Part 1","4/15/20"
"Yu-Gi-Oh!: Season 3: The Darkness Returns, Part 3","4/14/20"
"Yu-Gi-Oh!: Season 3: The Darkness Returns, Part 2","4/14/20"
"Yu-Gi-Oh!: Season 3: The Darkness Returns, Part 1","4/14/20"
"Yu-Gi-Oh!: Season 3: Back to Battle City, Part 3","4/14/20"
"Yu-Gi-Oh!: Season 3: Back to Battle City, Part 2","4/14/20"
"Yu-Gi-Oh!: Season 3: Back to Battle City, Part 1","4/14/20"
"The Adventures of Tintin","4/13/20"
"Yu-Gi-Oh!: Season 3: The Darkness Returns, Part 4","4/7/20"
"Yu-Gi-Oh!: Season 1: Legendary Heroes: Part 3","4/7/20"
"Yu-Gi-Oh!: Season 1: Legendary Heroes: Part 2","4/7/20"
"Yu-Gi-Oh!: Season 1: Legendary Heroes: Part 1","4/7/20"
"Ragnarok: Season 1: New Boy","4/5/20"
"Yu-Gi-Oh!: Season 1: Double Trouble Duel: Part 3","3/31/20"
"Yu-Gi-Oh!: Season 1: Face Off: Part 1","3/31/20"
"Jeff Dunham: Minding the Monsters","3/29/20"
"Jeff Dunham: Unhinged in Hollywood","3/28/20"
"Austin Powers in Goldmember","3/14/20"
"Castlevania: Season 3: What the Night Brings","3/5/20"
"Castlevania: Season 3: Worse Things Than Betrayal","3/5/20"
"Castlevania: Season 3: The Good Dream","3/5/20"
"Castlevania: Season 3: A Seat of Civilisation and Refinement","3/5/20"
"Castlevania: Season 3: Bless Your Dead Little Hearts","3/5/20"
"Castlevania: Season 2: War Council","3/5/20"
"Yu-Gi-Oh!: Season 5: Village of Vengeance: Part III","3/4/20"
"The Croods","2/4/20"
"Yu-Gi-Oh!: Season 3: Clash in the Coliseum, Part 3","1/30/20"
"Yu-Gi-Oh!: Season 2: Episode 51","1/30/20"
"Stripes","1/28/20"
"Castlevania: Season 2: For Love","1/28/20"
"Castlevania: Season 2: Last Spell","1/20/20"
"Castlevania: Season 2: Broken Mast","1/19/20"
"Castlevania: Season 2: Shadow Battles","1/19/20"
"Castlevania: Season 2: Old Homes","1/19/20"
"Austin Powers: The Spy Who Shagged Me","1/15/20"
"Spy Kids","1/12/20"
"Zoom","1/11/20"
"Austin Powers in Goldmember_hook_primary_9x16","1/3/20"
"The Witcher: Season 1: Four Marks","12/29/19"
"The Witcher: Season 1: Betrayer Moon","12/28/19"
"The Witcher: Season 1: The End’s Beginning","12/28/19"
"Sym-Bionic Titan: Season 1: A New Beginning","12/20/19"
"Dragons: Race to the Edge: Season 6: Guardians of Vanaheim","12/16/19"
"Dragons: Race to the Edge: Season 6: Darkest Night","12/16/19"
"Dragons: Race to the Edge: Season 6: Ruff Transition","12/15/19"
"Dragons: Race to the Edge: Season 6: Loyal Order of Ingerman","12/14/19"
"Yu-Gi-Oh!: Season 4: A Duel with Dartz, Part 5","12/12/19"
"Knights of Sidonia: Season 1: Commencement","12/11/19"
"Yu-Gi-Oh!: Season 5: Village of Vengeance: Part IV","12/11/19"
"Zombieland","12/7/19"
"Yu-Gi-Oh!: Season 5: The Dark One Cometh: Part III","12/5/19"
"Yu-Gi-Oh!: Season 5: Tomb of the Nameless Pharaoh","12/5/19"
"Yu-Gi-Oh!: Season 5: The True King: Part II","12/5/19"
"Yu-Gi-Oh!: Season 5: The True King: Part I","12/5/19"
"Yu-Gi-Oh!: Season 5: The Fiendish Five: Part II","12/5/19"
"Yu-Gi-Oh!: Season 5: The Fiendish Five: Part I","12/5/19"
"Yu-Gi-Oh!: Season 5: Fruit of Evolution","12/4/19"
"Yu-Gi-Oh!: Season 5: Red-Eyes Black Curse","12/4/19"
"Yu-Gi-Oh!: Season 5: Trial of Light and Shadow","12/4/19"
"Yu-Gi-Oh!: Season 5: Fortress of Fear","12/4/19"
"Yu-Gi-Oh!: Season 5: Eye of the Storm","12/4/19"
"Yu-Gi-Oh!: Season 5: Reunited at Last","12/4/19"
"Yu-Gi-Oh!: Season 5: Divide and Conquer","12/4/19"
"Yu-Gi-Oh!: Season 5: Getting Played","12/4/19"
"Yu-Gi-Oh!: Season 3: Isolated in Cyberspace, Part 3","12/4/19"
"Yu-Gi-Oh!: Season 3: Isolated in Cyberspace, Part 2","12/4/19"
"Yu-Gi-Oh!: Season 3: Isolated in Cyberspace, Part 1","12/4/19"
"Yu-Gi-Oh!: Season 2: Showdown in the Shadows: Part 2: Marik vs. Bakura","12/4/19"
"Yu-Gi-Oh!: Season 2: Showdown in the Shadows: Part 1: Marik vs. Bakura","12/4/19"
"Yu-Gi-Oh!: Season 2: The Tomb-Keepers' Secret","12/4/19"
"Yu-Gi-Oh!: Season 2: Shadow of a Duel","12/3/19"
"Yu-Gi-Oh!: Season 1: The Wrath of Rebecca","12/3/19"
"Yu-Gi-Oh!: Season 1: Aftermath","12/3/19"
"Yu-Gi-Oh!: Season 3: So Close, Yet So Far","12/3/19"
"Yu-Gi-Oh!: Season 3: Noah's Final Threat, Part 2","12/3/19"
"Yu-Gi-Oh!: Season 3: Burying the Past, Part 2","12/3/19"
"Yu-Gi-Oh!: Season 3: Merger of the Big Five, Part 3","12/3/19"
"Yu-Gi-Oh!: Season 3: Merger of the Big Five, Part 2","12/2/19"
"Yu-Gi-Oh!: Season 3: Merger of the Big Five, Part 1","12/2/19"
"Yu-Gi-Oh!: Season 3: Settling the Score, Part 2","12/2/19"
"Yu-Gi-Oh!: Season 3: Settling the Score, Part 1","12/2/19"
"Yu-Gi-Oh!: Season 3: Mechanical Mayhem, Part 2","12/2/19"
"Yu-Gi-Oh!: Season 3: Mechanical Mayhem, Part 1","12/2/19"
"Yu-Gi-Oh!: Season 3: Courtroom Chaos, Part 2","12/2/19"
"Yu-Gi-Oh!: Season 3: Courtroom Chaos, Part 1","12/2/19"
"Yu-Gi-Oh!: Season 3: Freeze Play, Part 2","12/2/19"
"Yu-Gi-Oh!: Season 3: Freeze Play, Part 1","12/2/19"
"7SEEDS: Part 1: Spring Begins","10/23/19"
"The Irregular at Magic High School: Enrollment Part 1","10/23/19"
"Men in Black II","10/18/19"
"Dragons: Race to the Edge: Season 4: Not Lout","10/2/19"
"Invader Zim: Enter the Florpus","8/18/19"
"Castlevania: Season 2: End Times","8/10/19"
"Fairy Tail: Season 1: The Fairy Tail","5/31/19"
